id,documents__score,errors__id,errors__message
953595,0.750269413,,
3308979,0.761580944,,
278830,0.980896771,,
5956968,0.954073429,,
1909058,0.906857491,,
856550,0.947261214,,
4948745,0.993800879,,
2493658,0.750269413,,
175576,0.981995583,,
4454295,0.938189387,,
3883392,0.957287252,,
8889257,0.933254957,,
5680462,0.857436538,,
8988178,0.978861928,,
3245876,0.987427235,,
7735464,0.752673924,,
6291829,0.789979339,,
4125779,0.997595608,,
10106055,0.996147156,,
3544550,0.761580944,,
9025039,0.977312088,,
3200646,0.947261214,,
8859380,0.932813644,,
2481869,0.750269413,,
1110749,0.96556443,,
1686930,0.941236556,,
7680289,0.5,,
7207641,0.5,,
5062445,0.991207242,,
8925878,0.5,,
6389657,0.966219246,,
4218733,0.985247433,,
2715623,0.86862731,,
1392332,0.967523575,,
7308567,0.995615065,,
6575380,0.5,,
6004058,0.94328928,,
5383192,0.961987615,,
1112092,0.903442979,,
7714294,0.964933038,,
9368342,0.763102293,,
6361863,0.898972154,,
8105221,0.927522779,,
8095168,0.964933038,,
2746782,0.947261214,,
6424982,0.96846807,,
762029,0.947261214,,
8988281,0.5,,
7077910,0.749920249,,
3772674,0.98168993,,
7021906,0.984192967,,
7618605,0.901682019,,
10234558,0.890360594,,
7680439,0.93153888,,
4258515,0.977166653,,
1148517,0.5,,
2487892,0.5,,
3038772,0.948730707,,
699460,0.5,,
8053990,0.981832623,,
7011773,0.981832623,,
2467550,0.935562134,,
2686374,0.907678366,,
1956274,0.965265274,,
8537192,0.5,,
5919096,0.969258606,,
3294243,0.972190499,,
10210971,0.842204809,,
3584790,0.999413013,,
1266459,0.980663657,,
9098059,0.5,,
408526,0.948100686,,
4118282,0.940044641,,
2650482,0.983573735,,
20927,0.5,,
4395578,0.5,,
5549211,0.984192967,,
6856295,0.997254848,,
6881188,0.909052134,,
1579615,0.983892441,,
3766866,0.974716544,,
2406966,0.969258606,,
5470629,0.949990571,,
7134759,0.981832623,,
4532538,0.243573129,,
9387189,0.991308749,,
1609922,0.925215721,,
4236723,0.907678366,,
3076065,0.905643702,,
6423204,0.966563463,,
8338849,0.5,,
6401209,0.984192967,,
20928,0.5,,
3344977,0.933407426,,
3303978,0.978540063,,
7067082,0.961305976,,
3121829,0.957251668,,
2539881,0.5,,
3678718,0.951547861,,
4694479,0.998925805,,
6646843,0.925544262,,
1364440,0.963347077,,
1781873,0.5,,
4138423,0.97574389,,
5562674,0.244960189,,
1789341,0.94251585,,
4672934,0.239412755,,
4550099,0.987126708,,
1198799,0.953058362,,
5308429,0.972449303,,
2769088,0.29147774,,
9374365,0.961101532,,
6106498,0.993387938,,
9331449,0.961101532,,
4317390,0.946514368,,
3884851,0.915844679,,
3155785,0.919206619,,
9368517,0.5,,
5042014,0.988070607,,
9449437,0.961101532,,
3053237,0.976461411,,
8132347,0.953877091,,
63733,0.882696271,,
2039149,0.96556443,,
227636,0.965448499,,
3689119,0.913603187,,
1179538,0.961101532,,
6823781,0.980934501,,
2284536,0.97574389,,
5143441,0.827811837,,
5749958,0.983275056,,
9116815,0.866669416,,
7731836,0.994285941,,
10262971,0.5,,
1407502,0.5,,
8817038,0.5,,
4449303,0.239412755,,
8255615,0.5,,
4053092,0.970695078,,
6886633,0.938660979,,
8820414,0.5,,
3052151,0.29147774,,
2339333,0.5,,
1618842,0.985193789,,
888967,0.5,,
380950,0.9360255,,
5671843,0.988070607,,
904057,0.99593699,,
7161725,0.982645273,,
9587410,0.98532778,,
9202380,0.963530719,,
2238105,0.966147721,,
2441908,0.957370639,,
9367465,0.5,,
3031415,0.96556443,,
843812,0.5,,
3975434,0.952403307,,
5620928,0.986076593,,
5487934,0.973714709,,
9028447,0.957202971,,
757840,0.998029709,,
8848403,0.891955614,,
7430926,0.963255644,,
7021544,0.707632661,,
1323446,0.945844173,,
8723086,0.968331575,,
781474,0.985602975,,
9812439,0.707632661,,
3401644,0.926361203,,
10036903,0.949877024,,
5308875,0.950383067,,
5052459,0.800570726,,
7228499,0.96556443,,
1494986,0.959381104,,
1783382,0.969730377,,
7513198,0.5,,
8308316,0.932813644,,
9694921,0.955521703,,
2472850,0.5,,
5487522,0.973714709,,
4016650,0.985253572,,
3479241,0.949240327,,
5848400,0.5,,
1167507,0.989741564,,
6044106,0.707632661,,
1799255,0.991636515,,
8941768,0.963262916,,
7733192,0.866300106,,
9215782,0.965309799,,
5175631,0.980233848,,
9134193,0.980978251,,
2481189,0.981263995,,
9476826,0.933369279,,
3144311,0.913456619,,
9370007,0.836412072,,
160222,0.944263279,,
4250367,0.942143559,,
8755479,0.5,,
8829156,0.891955614,,
5126077,0.5,,
6108796,0.707632661,,
2692126,0.992032528,,
3544953,0.987166286,,
2020505,0.5,,
5580457,0.852771521,,
1495271,0.943992615,,
7091397,0.887296796,,
7763878,0.898988962,,
8088447,0.5,,
3418349,0.975038767,,
7627794,0.968119562,,
8374102,0.836412072,,
6316934,0.707632661,,
1820794,0.966976643,,
314180,0.982099533,,
4868135,0.991057515,,
1427103,0.952382922,,
3518808,0.5,,
8995844,0.5,,
356566,0.982099533,,
6466388,0.5,,
4531944,0.876585007,,
6686072,0.5,,
4384343,0.183298022,,
7900056,0.946081161,,
6378563,0.88056612,,
5630783,0.5,,
340706,0.898886979,,
6202214,0.964653194,,
1030411,0.5,,
7922373,0.5,,
6156470,0.94240576,,
2994309,0.99705261,,
1594328,0.843553901,,
6915487,0.946081161,,
5286781,0.967304707,,
2818420,0.92704463,,
3739681,0.913750112,,
7922063,0.976170421,,
611509,0.996303141,,
1802663,0.784492254,,
9797545,0.967673182,,
9241055,0.913750112,,
7258811,0.5,,
10265391,0.997585297,,
132120,0.985555887,,
3066740,0.945069432,,
4130112,0.5,,
4026757,0.5,,
9545281,0.856391788,,
3294804,0.98494184,,
4122325,0.962293863,,
8308353,0.92905283,,
7226013,0.942398965,,
5761290,0.946081161,,
182716,0.95972383,,
3050140,0.961640358,,
3254956,0.88660121,,
1264287,0.5,,
3404557,0.5,,
3939683,0.5,,
3424242,0.5,,
7985714,0.5,,
4279876,0.968882918,,
3870253,0.5,,
2187563,0.869162381,,
3889299,0.5,,
3889330,0.5,,
1184846,0.870987773,,
3626162,0.919270039,,
456040,0.922774076,,
4340838,0.966927648,,
808811,0.91804862,,
522287,0.98160696,,
1940787,0.952382922,,
3732103,0.5,,
43373,0.946312308,,
5126365,0.5,,
7182584,0.95127064,,
5325214,0.91804862,,
2710274,0.834376991,,
5128160,0.916207075,,
3424114,0.5,,
2776890,0.932247162,,
4521755,0.88056612,,
3456599,0.98494184,,
1252740,0.803796232,,
4250938,0.5,,
3791920,0.928200126,,
4258762,0.991717577,,
7364146,0.846560717,,
6765045,0.927239776,,
3193738,0.94251585,,
8765219,0.266956329,,
8174285,0.982099533,,
3403638,0.5,,
7601333,0.826721013,,
6707735,0.994529009,,
6606,0.983182549,,
3889280,0.5,,
3889050,0.5,,
799882,0.809002459,,
9508386,0.986400783,,
6714817,0.900586128,,
3773568,0.753382444,,
9313974,0.843553901,,
6492880,0.940425813,,
4879013,0.807679534,,
3732094,0.5,,
873073,0.5,,
234898,0.841862857,,
8533375,0.943026543,,
6854019,0.96313262,,
8418650,0.908078551,,
3732076,0.5,,
4608592,0.92852211,,
4862719,0.922774076,,
668169,0.999091148,,
429453,0.982099533,,
7459684,0.877204895,,
7917718,0.976429462,,
2986056,0.5,,
2011193,0.952382922,,
3768626,0.868949175,,
2026794,0.834376991,,
9154294,0.947565317,,
430610,0.85240221,,
3231850,0.87921387,,
2976798,0.982684016,,
703058,0.943870425,,
7826541,0.842154503,,
240920,0.999091148,,
6655233,0.5,,
9866461,0.988361239,,
1428687,0.730427027,,
4803403,0.941876888,,
11012,0.983182549,,
3888924,0.5,,
8842808,0.5,,
1114695,0.85240221,,
1715582,0.994612336,,
8555098,0.5,,
1214316,0.979116559,,
6325685,0.94240576,,
9596,0.983182549,,
9568491,0.971971393,,
1747184,0.916423082,,
6727729,0.990714431,,
3888986,0.5,,
4135710,0.94251585,,
3652434,0.942638874,,
7667990,0.14981544,,
4047058,0.5,,
7163934,0.994868279,,
4653552,0.983892798,,
506542,0.5,,
4046863,0.5,,
3915826,0.926595032,,
4787415,0.957004309,,
1602488,0.953336537,,
10274175,0.917801857,,
9167786,0.967325032,,
5686435,0.951358557,,
7939058,0.981121421,,
8392801,0.5,,
3720511,0.975674987,,
7957904,0.965837836,,
4555997,0.5,,
2267088,0.932745397,,
108468,0.5,,
6400379,0.968354762,,
5948003,0.952345014,,
5058086,0.911681771,,
1209255,0.993533254,,
1914051,0.983588934,,
2923529,0.860476375,,
1027860,0.945042968,,
2373176,0.983588934,,
8517602,0.880471468,,
4583161,0.970431805,,
7967844,0.984405994,,
5405643,0.977902532,,
610989,0.860589862,,
7839535,0.968354762,,
186328,0.990820944,,
7492877,0.958136737,,
6576228,0.976460934,,
241016,0.967325032,,
4116645,0.974686027,,
2419879,0.953336537,,
6425735,0.836807489,,
9136499,0.171967417,,
6724599,0.90936923,,
4211629,0.969021082,,
7151924,0.995342016,,
704764,0.5,,
1796217,0.98167789,,
4661812,0.933867276,,
8811945,0.913659215,,
1090307,0.941889226,,
15108,0.996573031,,
1882316,0.758461356,,
1095207,0.909362376,,
1343805,0.820869088,,
103920,0.959108591,,
2215336,0.746080041,,
1483944,0.880381346,,
6466129,0.99484843,,
8536441,0.751027048,,
6262987,0.99118948,,
8379081,0.5,,
132160,0.967566013,,
2033191,0.978010774,,
8849407,0.979810834,,
7243974,0.904073954,,
6490453,0.832012892,,
4025593,0.984412074,,
955506,0.974575758,,
9868607,0.958122671,,
8668073,0.5,,
790860,0.959108591,,
261912,0.967566013,,
368403,0.955978632,,
9395217,0.5,,
580182,0.990593255,,
8152191,0.995645761,,
103908,0.959108591,,
783061,0.809002459,,
4968752,0.5,,
14386,0.996573031,,
1602421,0.996573031,,
3821822,0.5,,
6073437,0.803667068,,
6278181,0.99118948,,
9907337,0.853443503,,
4211836,0.99634409,,
84030,0.972452521,,
4235559,0.923308909,,
830948,0.921857476,,
1145590,0.921857476,,
3522409,0.908197761,,
9492873,0.881682634,,
5534463,0.86040169,,
9347157,0.859974861,,
10035644,0.810011923,,
8293287,0.959591389,,
910784,0.964337468,,
7071222,0.749704838,,
8687716,0.953526855,,
180939,0.801381707,,
6884604,0.5,,
7397476,0.898318291,,
1063855,0.801381707,,
8865006,0.939466119,,
8069192,0.945209265,,
2800448,0.869166374,,
9076287,0.997774661,,
8225635,0.898318291,,
2966415,0.900613666,,
4639465,0.927642941,,
5670781,0.978372157,,
1905473,0.972529531,,
9095510,0.997774661,,
5174876,0.962759614,,
1256883,0.970691681,,
6706377,0.857276738,,
9738522,0.898318291,,
2995996,0.5,,
6674408,0.966806591,,
6801095,0.990717113,,
143704,0.975201488,,
3727017,0.848977327,,
789966,0.990711927,,
6864319,0.924750328,,
1539463,0.996222973,,
9591787,0.898318291,,
10279830,0.788075328,,
1956553,0.741014302,,
7396508,0.898318291,,
6272065,0.972571909,,
7075948,0.856480539,,
7543458,0.978246927,,
3769336,0.5,,
8666707,0.897597671,,
7205443,0.970691681,,
193371,0.749704838,,
9957555,0.977622867,,
6795678,0.5,,
9300972,0.976720273,,
8047522,0.898318291,,
6576006,0.976720273,,
7971334,0.951752424,,
1984962,0.953526855,,
9292039,0.970691681,,
6661617,0.962428212,,
3251069,0.924750328,,
4111137,0.944593549,,
4760472,0.913519502,,
8968925,0.055987746,,
3293438,0.839719415,,
3319386,0.950294733,,
5578943,0.979179204,,
4271221,0.850826144,,
6358605,0.943306804,,
1439237,0.754295945,,
7775167,0.966718078,,
7437784,0.834833801,,
9628972,0.975273013,,
8425013,0.991187155,,
7400955,0.978186011,,
8174389,0.934312999,,
6292452,0.963754535,,
9095668,0.997337818,,
413733,0.5,,
639130,0.963675618,,
2484067,0.834833801,,
3533112,0.752673924,,
2249292,0.935681939,,
7838294,0.899821997,,
6133354,0.982012272,,
7987836,0.964523792,,
9910025,0.76927495,,
7364024,0.939548016,,
9362082,0.5,,
8847108,0.909734547,,
7462428,0.998629332,,
4370312,0.987533569,,
4053972,0.914295554,,
6412858,0.983887315,,
3987838,0.93451035,,
7027507,0.882306218,,
6587443,0.983887315,,
1029680,0.872950435,,
7208439,0.958114147,,
3953611,0.5,,
2584354,0.858427525,,
4574700,0.95766592,,
5685646,0.5,,
977722,0.97643435,,
2931922,0.992088199,,
8253955,0.883840561,,
6426462,0.992088199,,
8154238,0.5,,
5020861,0.731482565,,
9611409,0.993590355,,
8939306,0.953552127,,
5423692,0.995893359,,
9159975,0.954802752,,
7561272,0.953552127,,
7326419,0.981402874,,
9373607,0.864666939,,
8939433,0.953552127,,
8939503,0.953552127,,
8742753,0.969507813,,
8939687,0.953552127,,
3793406,0.974021435,,
9134196,0.943886042,,
6007267,0.895106971,,
3422894,0.90903008,,
3630581,0.992088199,,
9394508,0.985088706,,
7348578,0.953552127,,
8869680,0.97333771,,
2979387,0.750639677,,
1531458,0.992088199,,
1549973,0.992088199,,
1123977,0.5,,
5719631,0.992088199,,
9580209,0.985088706,,
9364220,0.943886042,,
9663221,0.985088706,,
9636952,0.985088706,,
8594059,0.224404752,,
3679617,0.992088199,,
9416551,0.985088706,,
9511676,0.912424207,,
3158243,0.992088199,,
8327124,0.991187155,,
4311078,0.5,,
3329962,0.992088199,,
3263071,0.992088199,,
6250399,0.992088199,,
7387294,0.981402874,,
7363462,0.953552127,,
8156894,0.5,,
1150519,0.987336278,,
5969872,0.892323852,,
9617068,0.208025455,,
4438188,0.995145082,,
1521633,0.992088199,,
6623079,0.5,,
7561254,0.953552127,,
3494608,0.968424201,,
3085726,0.992088199,,
2256124,0.906686962,,
7071021,0.992088199,,
6938103,0.995893359,,
6913414,0.938442111,,
3706719,0.992088199,,
8174626,0.943166494,,
1571230,0.992088199,,
4270642,0.992088199,,
5407311,0.992088199,,
9558353,0.985088706,,
7247767,0.992638648,,
7353834,0.992088199,,
9319891,0.985088706,,
7550234,0.953552127,,
8939736,0.953552127,,
7247720,0.992638648,,
1786923,0.992088199,,
7649837,0.5,,
3610724,0.955343902,,
7988337,0.904809356,,
1773803,0.97333771,,
3770248,0.992088199,,
3291295,0.5,,
10031055,0.962723851,,
8939595,0.953552127,,
8155580,0.5,,
6705584,0.992088199,,
1417880,0.992088199,,
7245692,0.980477691,,
7153101,0.954802752,,
9014572,0.969507813,,
585418,0.5,,
4484426,0.992088199,,
3291777,0.992088199,,
3096191,0.985088706,,
6249536,0.992088199,,
5744931,0.943166494,,
8156764,0.5,,
3303857,0.992088199,,
8155710,0.5,,
8156860,0.5,,
293890,0.972444057,,
7915432,0.819757819,,
1589461,0.992088199,,
9303530,0.985088706,,
7809718,0.750841379,,
140331,0.969233274,,
9462315,0.860633969,,
565703,0.5,,
1147349,0.126182556,,
7262358,0.986165285,,
723723,0.991413593,,
4757025,0.932645559,,
3334052,0.749704838,,
7036707,0.981920481,,
5272327,0.922110856,,
3921664,0.923390448,,
9974658,0.991413593,,
794633,0.86999011,,
3959442,0.851110578,,
6824408,0.906168222,,
7859906,0.958019853,,
9636248,0.95793879,,
911001,0.5,,
1249060,0.974132776,,
1566487,0.958716571,,
9711153,0.985554934,,
4856986,0.977699101,,
2130652,0.961945772,,
5524530,0.974226952,,
9216874,0.777032256,,
7971395,0.983270884,,
2593263,0.5,,
1614502,0.995408297,,
4477426,0.966434717,,
7648716,0.977699101,,
9696912,0.962434888,,
3585592,0.752673924,,
3757858,0.98757571,,
7219838,0.5,,
6022715,0.985803008,,
7685745,0.964329123,,
4565370,0.981939673,,
4783817,0.847253144,,
2593176,0.5,,
3143227,0.5,,
1214306,0.941815734,,
3533224,0.981235385,,
6675927,0.966806591,,
1772119,0.974226952,,
7808495,0.837485909,,
4539948,0.5,,
7768727,0.958019853,,
769213,0.959873915,,
5328449,0.980860591,,
1763809,0.5,,
1499596,0.948754013,,
4737727,0.937155366,,
8242212,0.960682631,,
8186781,0.98708421,,
7229015,0.98783952,,
2274086,0.985019028,,
4387985,0.903437734,,
9909445,0.992300153,,
7664899,0.976212442,,
4773614,0.5,,
3946674,0.981939673,,
8616488,0.93887639,,
5259194,0.978246927,,
2032805,0.974226952,,
3751503,0.98757571,,
7581974,0.977699101,,
6558980,0.896497369,,
2399736,0.961945772,,
8674765,0.951810837,,
6004165,0.973593235,,
1826155,0.974226952,,
4857192,0.977699101,,
7748905,0.850836635,,
973859,0.906168222,,
6716380,0.690253079,,
7953211,0.977486014,,
5241773,0.978246927,,
3144597,0.972566485,,
7698916,0.993614554,,
5069495,0.759789646,,
4430381,0.903371453,,
3177005,0.721043348,,
4430233,0.903371453,,
670009,0.910270214,,
4577542,0.84849596,,
6764646,0.852881551,,
4256705,0.967590094,,
8812578,0.960682631,,
341454,0.903371453,,
8195629,0.985554934,,
2577625,0.912609816,,
555858,0.910270214,,
4814811,0.950765073,,
660603,0.5,,
3940265,0.941815734,,
9516608,0.5,,
9712716,0.962434888,,
5813657,0.96556443,,
8884826,0.925128698,,
1978743,0.974226952,,
6091789,0.5,,
6165353,0.99324286,,
1244053,0.837485909,,
8508223,0.898318291,,
6991188,0.5,,
6451305,0.9315871,,
7531405,0.990529299,,
9612147,0.5,,
666897,0.910270214,,
4061051,0.967347562,,
3394338,0.996882439,,
4238106,0.976045489,,
7350059,0.74574697,,
5262750,0.5,,
2802844,0.948754013,,
3024336,0.958260775,,
10192213,0.991295576,,
3970736,0.944197774,,
4546924,0.5,,
2760901,0.999447584,,
3490239,0.5,,
3416217,0.981277406,,
5537833,0.991642952,,
8866960,0.996248126,,
3354614,0.980190873,,
8953857,0.928129196,,
7093738,0.227048427,,
5277900,0.962970436,,
1171574,0.893607974,,
74328,0.971311331,,
2612399,0.893607974,,
2515795,0.919470906,,
7093910,0.227048427,,
4170863,0.9859851,,
1442973,0.915577292,,
4396961,0.149250299,,
2112625,0.983064711,,
8814802,0.939409256,,
8273948,0.925629199,,
319768,0.5,,
1961671,0.935681939,,
3691288,0.991852403,,
8703557,0.954404473,,
8049470,0.895236135,,
1455908,0.989184141,,
3463245,0.754295945,,
4172364,0.149250299,,
3728802,0.940758586,,
6512378,0.945339262,,
7921278,0.947058976,,
4468524,0.149250299,,
8424532,0.991187155,,
6990882,0.227048427,,
4017140,0.96465832,,
8104742,0.227048427,,
9407255,0.961315155,,
1377812,0.975127876,,
4432489,0.820129395,,
7471629,0.832141757,,
8067827,0.993205428,,
4384095,0.149250299,,
1351716,0.5,,
8392661,0.787045956,,
281208,0.991187155,,
7859909,0.958191156,,
1404307,0.813539624,,
7480843,0.8875947,,
877203,0.959855437,,
7037291,0.990925074,,
8173825,0.924823344,,
7619060,0.992985368,,
8103432,0.851878762,,
3998922,0.992607117,,
8922153,0.259385794,,
5932882,0.909677029,,
6187340,0.988626719,,
8350401,0.909677029,,
1273432,0.990368783,,
2830174,0.989507914,,
9370866,0.259385794,,
3946160,0.981121063,,
113951,0.960122705,,
5060388,0.987026811,,
286712,0.915365934,,
5463875,0.983326793,,
7093986,0.227048427,,
7429207,0.973461628,,
5792683,0.991599679,,
1856970,0.987026811,,
4084712,0.868989229,,
9258687,0.967774987,,
9736801,0.947058976,,
4297068,0.902716756,,
2387605,0.992985368,,
879181,0.959855437,,
7241905,0.873758137,,
1246809,0.995036364,,
5615620,0.5,,
936484,0.949068308,,
5415077,0.966958642,,
938785,0.949068308,,
934216,0.949068308,,
3385421,0.5,,
5981343,0.987207174,,
9706229,0.915818214,,
9444769,0.949111938,,
5422159,0.961696506,,
3380159,0.974817634,,
9294683,0.915818214,,
8253456,0.996537685,,
944237,0.949111938,,
4165387,0.978585243,,
9866984,0.699821711,,
7179337,0.949111938,,
9768655,0.932813644,,
8015531,0.976161242,,
991961,0.98167789,,
4597584,0.957554936,,
8035212,0.5,,
8053396,0.729355335,,
2516391,0.942661226,,
7581631,0.959381104,,
7067650,0.837641478,,
706385,0.994168639,,
6005443,0.995056629,,
6523393,0.911995411,,
7922676,0.869110703,,
682135,0.894186497,,
4678866,0.990380883,,
708774,0.959381104,,
3158210,0.805606961,,
1494828,0.959381104,,
7291403,0.925024748,,
7075357,0.907330692,,
8000037,0.927557707,,
1652097,0.966197431,,
4660460,0.756409287,,
5593504,0.946972728,,
7999692,0.927557707,,
619366,0.994168639,,
7999972,0.927557707,,
3379116,0.972712278,,
10272763,0.946972728,,
10077121,0.969743848,,
7536219,0.845626354,,
7936877,0.967828512,,
2693137,0.983857512,,
5707514,0.992427051,,
7844444,0.997104526,,
535300,0.986168861,,
8294379,0.829011202,,
4481979,0.969539285,,
244499,0.721506476,,
3316219,0.986293077,,
6613601,0.895066977,,
7833113,0.879175901,,
7439802,0.890619695,,
9597415,0.974671841,,
7401671,0.97397536,,
5330475,0.019718796,,
8067001,0.800564528,,
8829089,0.98903954,,
8814555,0.988283634,,
6913706,0.974817634,,
2387265,0.974996567,,
48319,0.5,,
9885225,0.974817634,,
6990477,0.974817634,,
117862,0.5,,
7777219,0.973968029,,
7840228,0.974817634,,
7438635,0.890619695,,
9151865,0.973968029,,
7204672,0.981751084,,
6734621,0.928403318,,
2263643,0.938788176,,
4608208,0.933327794,,
8048333,0.5,,
8050642,0.991187155,,
7329805,0.970985293,,
6848455,0.232476562,,
9695233,0.865766048,,
5164581,0.981510758,,
2208757,0.981510758,,
226536,0.96382463,,
176678,0.987939358,,
7050534,0.995130777,,
3876097,0.938788176,,
1260259,0.939976096,,
8443952,0.826298833,,
10068879,0.924103856,,
10136155,0.998416483,,
5195064,0.981510758,,
9961538,0.981510758,,
492287,0.841694117,,
8029177,0.788233757,,
8882345,0.923143566,,
7676574,0.979453683,,
1831338,0.934155047,,
1840671,0.934155047,,
8327083,0.991187155,,
1696015,0.953526855,,
6855839,0.171841025,,
3345341,0.971774101,,
4410493,0.949068308,,
19619,0.98167789,,
7597244,0.976760626,,
9652574,0.958787262,,
7109376,0.5,,
3534364,0.904232681,,
6671901,0.977508068,,
9863484,0.997104466,,
7249631,0.171841025,,
6222245,0.5,,
10292753,0.975120604,,
7760836,0.180079877,,
7324993,0.5,,
5760902,0.5,,
7035498,0.926927149,,
8956631,0.994494796,,
6766708,0.974817634,,
4264043,0.977508068,,
6186081,0.975120604,,
1472532,0.969881058,,
5900224,0.893185973,,
9374358,0.991204619,,
5874421,0.974817634,,
8829474,0.974817634,,
6228474,0.98167789,,
3995007,0.966839075,,
19611,0.98167789,,
1200829,0.98167789,,
3673759,0.915396094,,
3686556,0.140265137,,
2881446,0.888076067,,
9318853,0.77079457,,
6328150,0.79069984,,
2154617,0.5,,
6187841,0.828664899,,
9371895,0.939098358,,
4318031,0.941990972,,
8168476,0.5,,
6482984,0.988869429,,
6316917,0.969881058,,
5446176,0.949068308,,
4669377,0.994573355,,
4151430,0.5,,
5446513,0.949068308,,
937370,0.949068308,,
1833250,0.5,,
902243,0.991057515,,
4053644,0.928938031,,
1084046,0.949068308,,
8811781,0.949068308,,
4243163,0.5,,
4569115,0.974817634,,
4190771,0.5,,
3543084,0.98167789,,
6315435,0.98167789,,
6704004,0.98167789,,
1797207,0.98167789,,
271509,0.98167789,,
4410789,0.949068308,,
9577993,0.97533685,,
9532957,0.791339993,,
9497431,0.974817634,,
217142,0.991057515,,
1732280,0.949068308,,
4240933,0.949068308,,
443942,0.882429123,,
8308386,0.949068308,,
8227038,0.921956897,,
2489339,0.98167789,,
8054892,0.98167789,,
1493197,0.98167789,,
4417792,0.98167789,,
5048597,0.949111938,,
6278191,0.994239748,,
8891577,0.974817634,,
4163306,0.5,,
59827,0.98167789,,
8571518,0.923454285,,
3820186,0.5,,
1084084,0.949068308,,
257140,0.98167789,,
8956628,0.994494796,,
8815061,0.974817634,,
4677524,0.994573355,,
3139847,0.966839075,,
6975036,0.98114574,,
4151093,0.5,,
4256558,0.98167789,,
2110357,0.989913464,,
8147986,0.247909576,,
2905375,0.98167789,,
4257097,0.5,,
931154,0.949068308,,
4363919,0.5,,
5019444,0.93676734,,
931758,0.949068308,,
301059,0.98167789,,
8815638,0.974817634,,
2068301,0.974236012,,
8487843,0.926927149,,
8608233,0.95119369,,
5446156,0.949068308,,
2691273,0.5,,
7807090,0.949068308,,
8306646,0.949068308,,
1055661,0.98167789,,
7806698,0.949068308,,
24212,0.98167789,,
8027776,0.994494796,,
6868378,0.98167789,,
7249508,0.171841025,,
7544337,0.934932113,,
19623,0.98167789,,
4210585,0.949068308,,
5784320,0.949068308,,
7347229,0.978585243,,
4676275,0.954091191,,
2489283,0.98167789,,
277416,0.991057515,,
7699356,0.966950774,,
5847934,0.5,,
9886971,0.974817634,,
5446180,0.949068308,,
4242626,0.5,,
23430,0.98167789,,
2186330,0.949068308,,
9477204,0.991906762,,
5683765,0.5,,
9900319,0.919573009,,
5691933,0.5,,
8829472,0.974817634,,
5183938,0.974817634,,
224763,0.991057515,,
4520179,0.957269669,,
284813,0.798623621,,
4402880,0.5,,
2660384,0.976161242,,
6973790,0.949111938,,
7116795,0.980243683,,
9910189,0.98534739,,
6854552,0.171841025,,
8668410,0.949068308,,
4311244,0.5,,
7616008,0.854323745,,
4776823,0.966839075,,
8082659,0.877823472,,
808134,0.98167789,,
8984454,0.933797598,,
6403878,0.245630354,,
529090,0.236666024,,
2392869,0.974817634,,
5289293,0.966839075,,
4783585,0.994573355,,
286080,0.98167789,,
1601714,0.974817634,,
9474025,0.810735583,,
8843162,0.913775682,,
8409750,0.947620571,,
6033201,0.5,,
5058302,0.994573355,,
4264056,0.977508068,,
1707064,0.984538198,,
4082986,0.99240005,,
9138600,0.932813644,,
4190689,0.5,,
3033913,0.180079877,,
6362918,0.854323745,,
2935486,0.983898342,,
9031119,0.974817634,,
5270886,0.949111938,,
59838,0.98167789,,
59708,0.98167789,,
1476298,0.969881058,,
6850007,0.996171594,,
8922554,0.829460204,,
7440415,0.967827678,,
9311687,0.959788799,,
631445,0.924140871,,
6545773,0.5,,
8036985,0.989834666,,
4661374,0.960771143,,
365550,0.846378684,,
7777381,0.982486367,,
1778989,0.853922844,,
5031285,0.815861344,,
5031383,0.815861344,,
208356,0.846378684,,
3552523,0.839999676,,
3487824,0.839999676,,
10140582,0.935216308,,
8068232,0.953000188,,
1709737,0.853922844,,
9408991,0.982486367,,
7110655,0.959166765,,
9012948,0.99602747,,
8372038,0.842154503,,
2051658,0.888076067,,
7506165,0.974817634,,
7311407,0.949111938,,
397117,0.202571183,,
4516960,0.222183824,,
9089308,0.901782751,,
934123,0.949068308,,
3891695,0.974817634,,
6514446,0.998578191,,
9863312,0.999765575,,
8805211,0.974817634,,
7954781,0.953572869,,
2944021,0.983742237,,
4395349,0.5,,
3282000,0.980342925,,
6687939,0.978585243,,
6613192,0.78336823,,
9900303,0.910411,,
7860710,0.969881058,,
7510776,0.974817634,,
9183380,0.974817634,,
9201292,0.974817634,,
9939025,0.910411,,
8100190,0.949068308,,
935671,0.949068308,,
936177,0.949068308,,
922986,0.949068308,,
1200083,0.949068308,,
935432,0.949068308,,
604600,0.999521554,,
1251763,0.911990762,,
607788,0.999521554,,
6278361,0.750504375,,
936378,0.949068308,,
92835,0.202571183,,
4009508,0.974817634,,
935862,0.949068308,,
8187537,0.975120604,,
10132385,0.783290088,,
9516114,0.9483459,,
2749725,0.901362658,,
8101251,0.949068308,,
5201816,0.911990762,,
9329068,0.5,,
8704438,0.5,,
8052542,0.989834666,,
4251426,0.5,,
6020744,0.987613916,,
4251235,0.5,,
8093529,0.180079877,,
654734,0.991178393,,
3489083,0.954091191,,
8691263,0.992077291,,
3971934,0.974817634,,
7732071,0.913366556,,
1251813,0.911990762,,
10247453,0.5,,
6740521,0.884227455,,
2955782,0.5,,
8568567,0.988480926,,
1251707,0.911990762,,
931785,0.949068308,,
7763613,0.994004369,,
9574602,0.98167789,,
9024838,0.974817634,,
8427227,0.966839075,,
3592838,0.954528332,,
1954452,0.974817634,,
1651324,0.959166765,,
8016646,0.961687386,,
6115704,0.862411141,,
2191633,0.949068308,,
3977605,0.778722882,,
6344566,0.976161242,,
2191169,0.949068308,,
5213468,0.974817634,,
945645,0.949111938,,
8193241,0.975120604,,
6916167,0.237274736,,
6941113,0.998925805,,
2621746,0.969881058,,
449602,0.5,,
1724849,0.806470275,,
3868138,0.974817634,,
8193054,0.975120604,,
6807981,0.974817634,,
1163345,0.5,,
6436727,0.96560514,,
8553556,0.863565087,,
1901706,0.975631177,,
4137114,0.998578191,,
5249093,0.983742237,,
356608,0.975631177,,
7824870,0.73403728,,
828298,0.98167789,,
5989894,0.986966133,,
7699495,0.890961826,,
3270492,0.984790087,,
5372156,0.974817634,,
2933877,0.983742237,,
4943016,0.991178393,,
3624990,0.983742237,,
7391003,0.79162991,,
9922140,0.912575483,,
6752031,0.769442797,,
1815304,0.978797793,,
3793047,0.829863071,,
353039,0.975631177,,
5218550,0.896716356,,
7809494,0.983347178,,
6627403,0.945131421,,
8065715,0.934932113,,
7431247,0.996850848,,
9460,0.924821377,,
9061868,0.813540816,,
1246769,0.846378684,,
1107845,0.824750185,,
1583047,0.830517054,,
7735282,0.821784198,,
7710713,0.890961826,,
7735313,0.821784198,,
6239907,0.984608829,,
6315269,0.98167789,,
9318524,0.974817634,,
6812415,0.951678038,,
7118258,0.788907647,,
6246861,0.821784198,,
7828222,0.986966133,,
7533901,0.813540816,,
3803947,0.974817634,,
2943860,0.983742237,,
2620429,0.924821377,,
5036739,0.746770799,,
2978929,0.5,,
7699096,0.890961826,,
4439293,0.998578191,,
580815,0.975631177,,
5315169,0.842401266,,
3906076,0.985966921,,
4566609,0.5,,
9304465,0.89922446,,
1136984,0.261107296,,
6494181,0.983742237,,
9533648,0.988115907,,
284087,0.98901093,,
2825852,0.974817634,,
1684236,0.5,,
1159226,0.975631177,,
9318440,0.974817634,,
7884782,0.821784198,,
8065531,0.934932113,,
2149219,0.975631177,,
7678814,0.793622017,,
9432322,0.981659889,,
4410544,0.974817634,,
4614955,0.998578191,,
1043194,0.991178393,,
8579782,0.983742237,,
9530877,0.974817634,,
8441263,0.881656408,,
9530788,0.974817634,,
3394936,0.983742237,,
6882518,0.698686421,,
4031625,0.974817634,,
4616695,0.809618354,,
4106041,0.974817634,,
2532879,0.857650578,,
4752817,0.799504638,,
6808970,0.951678038,,
1157083,0.991178393,,
6807884,0.974817634,,
1761870,0.86019212,,
6949900,0.995654583,,
8341720,0.995357096,,
7920539,0.93244195,,
7916754,0.958391428,,
7956227,0.950142801,,
4706111,0.989615321,,
8016309,0.87484628,,
5793477,0.999687552,,
2926776,0.825324953,,
8443258,0.995357096,,
7577073,0.994755149,,
6838418,0.989842653,,
6852243,0.995357096,,
6228959,0.91308856,,
8064351,0.992375255,,
3273240,0.973185062,,
5957039,0.952499032,,
3449059,0.5,,
789229,0.83125937,,
4008373,0.974817634,,
5913611,0.974509358,,
8310576,0.980745435,,
3333971,0.5,,
4226386,0.989315748,,
3497530,0.954091191,,
8338155,0.854652286,,
1080097,0.902166963,,
3821663,0.5,,
5021969,0.5,,
4105164,0.996609986,,
2865992,0.852807999,,
1205666,0.5,,
5651254,0.961010993,,
1594412,0.5,,
7717653,0.809099555,,
4808896,0.998267412,,
7533537,0.5,,
5978216,0.786051273,,
6134382,0.996609986,,
9813684,0.954115748,,
9846066,0.922149003,,
193836,0.998355329,,
6554352,0.928038418,,
9186256,0.990191758,,
6278680,0.959049344,,
5252543,0.97019434,,
8431178,0.89140892,,
353347,0.953274846,,
838764,0.834935606,,
7349029,0.912871957,,
3251016,0.810423255,,
7513623,0.5,,
803902,0.985248685,,
5686178,0.974665284,,
8617043,0.978527486,,
9545664,0.5,,
3168651,0.995612741,,
7776701,0.968730509,,
5862552,0.990191758,,
9696532,0.978527486,,
6412566,0.990191758,,
4022127,0.93277204,,
3265292,0.99052,,
3505739,0.5,,
9174507,0.986604869,,
9796540,0.5,,
3005854,0.978471994,,
3898692,0.874782562,,
7502246,0.5,,
6002165,0.819068193,,
8132007,0.992985189,,
10183490,0.931582391,,
8170683,0.947208643,,
5229971,0.736994743,,
4597013,0.5,,
3818746,0.862526655,,
6644854,0.953877091,,
117165,0.916460991,,
5015262,0.986604869,,
3868844,0.916460991,,
7455068,0.93277204,,
8102349,0.997975349,,
6694276,0.919373512,,
8373832,0.989027619,,
426089,0.882497787,,
2638086,0.943244934,,
10121329,0.968311071,,
5324459,0.994001627,,
233502,0.916009545,,
7651148,0.998283505,,
86185,0.92277962,,
2522091,0.211228877,,
1000883,0.970006943,,
7563243,0.929499924,,
251922,0.5,,
1225820,0.972993135,,
353110,0.760095477,,
4384800,0.990191758,,
8538630,0.990191758,,
5751177,0.998283505,,
3124961,0.995978594,,
3403858,0.99093008,,
746380,0.958693266,,
7547611,0.963025272,,
2906694,0.972747505,,
4651974,0.950528979,,
6847052,0.998283505,,
1538865,0.718191981,,
3061918,0.963657856,,
7773851,0.5,,
2536507,0.989027619,,
8409773,0.950004935,,
7131797,0.770711064,,
10331249,0.912805319,,
9883943,0.946199298,,
6956938,0.919668436,,
7278583,0.916652799,,
6796246,0.919668436,,
5991734,0.788197339,,
6515046,0.958693266,,
7651602,0.998283505,,
461567,0.94990015,,
210316,0.968518138,,
4581124,0.76797688,,
7071331,0.96434778,,
3883137,0.903026462,,
566435,0.968518138,,
226495,0.991011024,,
9394485,0.997330606,,
80188,0.996880651,,
9696286,0.96434778,,
7788695,0.994844317,,
1289082,0.991011024,,
3656508,0.989995599,,
5487653,0.76797688,,
493591,0.968518138,,
9534,0.969064355,,
6902752,0.972100496,,
7902569,0.942236602,,
9531,0.969064355,,
5759668,0.990191758,,
17951,0.862526655,,
4030640,0.892090917,,
4395654,0.5,,
1252147,0.5,,
5652705,0.862526655,,
46022,0.824321032,,
4996554,0.97235477,,
692080,0.984799743,,
153967,0.824321032,,
9328278,0.5,,
6567683,0.5,,
7746170,0.832042456,,
157939,0.5,,
6079131,0.974895775,,
158953,0.824321032,,
8342968,0.979734302,,
6512979,0.929515719,,
7886656,0.937773764,,
4378803,0.96114707,,
7791010,0.948284745,,
6452927,0.992913365,,
8017832,0.995326161,,
7988300,0.995326161,,
2818292,0.928852081,,
4910140,0.919958353,,
9110730,0.961067438,,
8503556,0.979571939,,
6448099,0.992913365,,
4564730,0.904029012,,
50233,0.989655733,,
3402376,0.5,,
9098494,0.863956213,,
6977095,0.96114707,,
6748502,0.864536524,,
6823837,0.96114707,,
9298045,0.947860122,,
7988436,0.995326161,,
8631419,0.864536524,,
7836953,0.951184034,,
3281072,0.5,,
5958674,0.992913365,,
5958194,0.992913365,,
4121334,0.989085853,,
598023,0.801221728,,
6958603,0.947261214,,
7390195,0.975718379,,
3237501,0.901924253,,
6438013,0.897708654,,
10309898,0.976205707,,
2134911,0.985602975,,
5002964,0.5,,
6780615,0.750269413,,
2586642,0.980896771,,
1815472,0.5,,
8566475,0.953765571,,
2919571,0.5,,
1484651,0.904854238,,
6327506,0.87407428,,
3544964,0.983712912,,
41401,0.995098233,,
6646985,0.920151711,,
3582883,0.920151711,,
6939472,0.920151711,,
4518037,0.967094064,,
3951768,0.984088361,,
7800238,0.5,,
4163851,0.969197631,,
479653,0.990790963,,
6647442,0.920151711,,
108765,0.911189198,,
6360895,0.958477914,,
6363765,0.96556443,,
6183330,0.937495232,,
2612025,0.967094064,,
6105021,0.945525289,,
6626493,0.813550651,,
573942,0.787701607,,
1652107,0.96556443,,
609252,0.94524169,,
942490,0.980673552,,
823989,0.967895985,,
7596934,0.5,,
6832592,0.993063748,,
3922853,0.889739275,,
9475641,0.926767826,,
8718936,0.984130323,,
9075558,0.5,,
671828,0.5,,
6660186,0.985973835,,
716829,0.5,,
3916050,0.785800457,,
2187906,0.985061347,,
9048584,0.5,,
7382368,0.5,,
8717758,0.984130323,,
7064681,0.985061347,,
5931372,0.973931968,,
1984692,0.890582204,,
4360604,0.889739275,,
9712348,0.981044531,,
3282760,0.5,,
6411259,0.84739393,,
670262,0.5,,
8411663,0.693954349,,
5640722,0.971027792,,
6701018,0.892091632,,
3653575,0.949875832,,
7647221,0.953588963,,
3637180,0.931369901,,
714043,0.761495769,,
3890990,0.96556443,,
4038347,0.785800457,,
523883,0.947429359,,
4111954,0.856606185,,
4693488,0.90709585,,
5127136,0.757271171,,
9050781,0.997492433,,
178844,0.5,,
8034871,0.826750517,,
3208330,0.981077731,,
4863533,0.5,,
4360485,0.889739275,,
5524847,0.946454048,,
9236814,0.933302999,,
8483744,0.954061627,,
609421,0.94524169,,
3543247,0.5,,
749758,0.794525743,,
8129537,0.971438527,,
421168,0.99492979,,
58503,0.957883596,,
9562586,0.988999188,,
10340165,0.984130323,,
370361,0.974157631,,
3753645,0.969039798,,
3535171,0.931369901,,
2037250,0.974157631,,
2605975,0.840943336,,
4825472,0.973469794,,
587584,0.761495769,,
1220816,0.985390365,,
354453,0.5,,
3793790,0.983712912,,
23356,0.5,,
7921453,0.759486794,,
8634897,0.889046609,,
1048798,0.891056538,,
613020,0.897762775,,
9109293,0.913811326,,
4069543,0.5,,
3986788,0.734502316,,
3968416,0.917609692,,
1806899,0.991809905,,
6168769,0.989947736,,
1925661,0.990795135,,
4760968,0.991355658,,
3953365,0.5,,
4909327,0.979349971,,
7828509,0.966940045,,
1323634,0.995036364,,
571640,0.995036364,,
613151,0.995036364,,
278192,0.995036364,,
571651,0.995036364,,
7883181,0.961246967,,
6572501,0.904387295,,
4668327,0.991809905,,
7636185,0.5,,
6421243,0.988575459,,
8737284,0.946033716,,
958475,0.5,,
7500728,0.5,,
606297,0.995036364,,
9094366,0.919332206,,
8785768,0.965646446,,
143580,0.765320539,,
611500,0.995036364,,
264829,0.995036364,,
1856851,0.972548366,,
1317919,0.995036364,,
392140,0.5,,
3139972,0.994158626,,
10020221,0.987483621,,
8759443,0.946033716,,
6416765,0.939131975,,
5056580,0.971753955,,
6793490,0.970954776,,
2069917,0.988575459,,
3258585,0.962669134,,
815017,0.994158626,,
6610942,0.966444969,,
1556170,0.988575459,,
2486612,0.94144702,,
6872650,0.913837314,,
1898511,0.972548366,,
265901,0.995036364,,
392779,0.994731545,,
202174,0.80017519,,
2197168,0.917576075,,
4075152,0.851962566,,
366301,0.935825229,,
6644628,0.992775917,,
6796066,0.870134115,,
3977450,0.5,,
793629,0.987583697,,
5705161,0.905505955,,
5364119,0.977232635,,
6211882,0.961497426,,
4374326,0.5,,
7887651,0.961497426,,
9013441,0.971474946,,
7362757,0.756116688,,
4639040,0.965470076,,
2586350,0.988590956,,
6482409,0.988590956,,
8089214,0.805303991,,
8409975,0.953552127,,
8409926,0.953552127,,
6107518,0.996802211,,
5242148,0.929648042,,
3372535,0.965470076,,
995443,0.5,,
3279728,0.235328376,,
8446766,0.216432244,,
9733841,0.903130829,,
5852034,0.870169044,,
4105081,0.235328376,,
8474605,0.216432244,,
5682,0.98710686,,
2737012,0.91215229,,
8743202,0.971950293,,
1003890,0.970954776,,
8153673,0.956072509,,
7936712,0.9359411,,
2642359,0.900985003,,
6528342,0.921014428,,
9820818,0.838652253,,
8754180,0.978586078,,
8904766,0.984755158,,
3186785,0.986702561,,
1885801,0.99232769,,
7013085,0.984755158,,
6546748,0.5,,
4526737,0.987549126,,
3335,0.992076755,,
4735761,0.957398474,,
1672979,0.994716346,,
7388899,0.887328625,,
8052307,0.957398474,,
9068366,0.984755158,,
6117473,0.992076755,,
8541389,0.989280224,,
7745016,0.992076755,,
6557297,0.986702561,,
1263470,0.992076755,,
7415378,0.986702561,,
8849596,0.984755158,,
7902382,0.953552127,,
4772997,0.997330368,,
4708075,0.887328625,,
3859882,0.850628614,,
4711069,0.993824601,,
7713043,0.999980152,,
174636,0.922986388,,
8195348,0.949651599,,
7902068,0.953552127,,
4832481,0.5,,
7902268,0.953552127,,
4559222,0.850628614,,
7902330,0.953552127,,
6249164,0.5,,
5192122,0.993824601,,
8901863,0.967002749,,
2027236,0.803849816,,
3673011,0.909953117,,
6577295,0.975482404,,
3147706,0.79861623,,
1900698,0.988473654,,
4157572,0.984804928,,
3642289,0.981829405,,
3022564,0.860108137,,
2203983,0.932536721,,
215882,0.998586416,,
491958,0.5,,
190984,0.922196388,,
1599856,0.5,,
1223644,0.984128237,,
3246706,0.938941956,,
1305009,0.847302139,,
8952253,0.5,,
4041868,0.750639677,,
8845310,0.909827471,,
2721575,0.971235871,,
1738425,0.986078382,,
7585688,0.913837314,,
3120652,0.933173776,,
4922836,0.97824806,,
1433440,0.95513612,,
2980762,0.982831001,,
1733747,0.986078382,,
1455269,0.987102389,,
1457330,0.989050269,,
7420488,0.909827471,,
8902887,0.762782812,,
5175464,0.955806553,,
7411863,0.920151711,,
2856806,0.968214631,,
693956,0.198091656,,
5682316,0.875607014,,
8597800,0.990448594,,
4707171,0.92426908,,
9138392,0.87885648,,
7417852,0.909827471,,
9597947,0.866235375,,
7262142,0.988885164,,
7615170,0.790917158,,
609610,0.963262916,,
8326413,0.986924767,,
4833820,0.941454172,,
7480196,0.5,,
8774504,0.969822526,,
8627921,0.96705842,,
788146,0.952052951,,
9217446,0.87885648,,
2016613,0.806811988,,
2695493,0.947339058,,
9063355,0.79069984,,
9710851,0.749777973,,
1983713,0.976156652,,
7363727,0.935687363,,
10022421,0.222063273,,
777159,0.814744473,,
3922845,0.932682335,,
674113,0.962147593,,
7534300,0.816746712,,
1009838,0.922196388,,
5194332,0.984897733,,
841274,0.756509006,,
7562331,0.5,,
4461706,0.969678223,,
5559063,0.80017519,,
4126284,0.798098743,,
1209447,0.973951697,,
4364285,0.798098743,,
6716874,0.969678223,,
4659824,0.971363008,,
3677729,0.95448041,,
1097520,0.984447002,,
2898954,0.970689178,,
826436,0.942504883,,
774659,0.80775106,,
7382303,0.946115255,,
1750681,0.962147593,,
7229312,0.991187155,,
2520890,0.978837669,,
8391954,0.984930396,,
797358,0.972199559,,
2686659,0.952238441,,
755613,0.942504883,,
1758935,0.962147593,,
3904056,0.933091402,,
7914021,0.863999367,,
7938153,0.924245238,,
2763078,0.771163583,,
3258213,0.963339865,,
7809455,0.79062897,,
8409949,0.953552127,,
2150760,0.875094414,,
5424448,0.5,,
1606171,0.991237164,,
136480,0.9942047,,
7547290,0.859431267,,
5918259,0.988585293,,
8409941,0.953552127,,
8409969,0.953552127,,
9170870,0.989967465,,
6168975,0.987217903,,
7263506,0.916460514,,
7037522,0.912384391,,
1416763,0.979406178,,
3726391,0.963339865,,
10188794,0.973536134,,
3488436,0.884578109,,
1277033,0.976034284,,
5241195,0.979406178,,
2736961,0.972611427,,
5240694,0.93244195,,
7402861,0.935604274,,
741699,0.899017572,,
6108006,0.935397983,,
8409962,0.953552127,,
5834820,0.93796438,,
6741135,0.947865129,,
67270,0.987396359,,
7005538,0.79062897,,
1827586,0.857799292,,
9351911,0.920041859,,
3993960,0.995569587,,
8989807,0.970760882,,
5299060,0.736735642,,
3115801,0.993108869,,
9153365,0.875596762,,
284480,0.986387014,,
4916433,0.963423848,,
1732441,0.995569587,,
2652941,0.862526655,,
9477539,0.801295698,,
4479426,0.990105391,,
8276416,0.988788366,,
486344,0.96445936,,
1980395,0.864117146,,
7239217,0.977487087,,
1328159,0.219859332,,
5838129,0.762585938,,
9664395,0.892969251,,
4681687,0.93575865,,
4264012,0.963423848,,
445199,0.982962966,,
7514366,0.990441561,,
5236979,0.851056337,,
8555304,0.96445936,,
3124383,0.997462869,,
5863446,0.5,,
5047188,0.991827846,,
5825701,0.937773764,,
5499882,0.998434305,,
7529124,0.967705369,,
7995944,0.953596294,,
5538874,0.950462818,,
4941356,0.991827846,,
7679928,0.98880595,,
10385,0.958918512,,
7653539,0.978638053,,
5863558,0.5,,
8472954,0.988152027,,
5500752,0.998434305,,
8473056,0.988152027,,
2071305,0.950462818,,
817115,0.778722882,,
6895132,0.968402147,,
5051529,0.93905133,,
5337848,0.5,,
20868,0.958918512,,
8385444,0.976327419,,
637326,0.96584636,,
6557767,0.86813426,,
4869458,0.5,,
5319948,0.888833523,,
7638282,0.99127984,,
11411,0.958918512,,
723846,0.5,,
5041669,0.93905133,,
2197982,0.995747745,,
10695,0.958918512,,
6005222,0.978638053,,
3317940,0.968546629,,
8099917,0.990703821,,
8617171,0.969053984,,
4181226,0.879773855,,
7074024,0.949421406,,
2729077,0.985088706,,
7483750,0.944621563,,
1764233,0.992088199,,
6218849,0.949421406,,
4030600,0.951142311,,
4637801,0.881070852,,
2056276,0.987835884,,
6214998,0.985232115,,
10211928,0.907169223,,
387464,0.957116961,,
53867,0.990417957,,
3146212,0.978548765,,
107046,0.966359735,,
4629020,0.990703821,,
4324317,0.994959295,,
6629278,0.99049443,,
8958290,0.964273572,,
6676926,0.986154556,,
4701141,0.951142311,,
7274556,0.967324853,,
6907671,0.713013411,,
1534622,0.992088199,,
1750010,0.987835884,,
5805162,0.964720607,,
1136522,0.992088199,,
4892529,0.987835884,,
2420536,0.946827888,,
6612940,0.862011313,,
5471427,0.949421406,,
8714974,0.95551753,,
8101791,0.990703821,,
6599960,0.832757592,,
8002965,0.988021255,,
8715320,0.95551753,,
9632775,0.985088706,,
5413564,0.946114302,,
5340242,0.992088199,,
3676779,0.754763603,,
4208555,0.938368201,,
7026898,0.5,,
3766055,0.5,,
8091417,0.77573359,,
3126153,0.987835884,,
3434459,0.967324853,,
5959816,0.79069984,,
3852117,0.985499024,,
7350992,0.994518876,,
3812725,0.951142311,,
4288801,0.5,,
5473498,0.949421406,,
5057466,0.956879377,,
1541705,0.992088199,,
7110923,0.955521703,,
2556794,0.901277781,,
6348159,0.950163424,,
3206305,0.918809175,,
3531616,0.963495016,,
533443,0.698490679,,
6214517,0.993971467,,
8036620,0.5,,
8152764,0.977787733,,
6837751,0.990690231,,
2459519,0.962515712,,
4940379,0.958901525,,
2332949,0.990796328,,
6543683,0.990690231,,
4340410,0.929487586,,
7003848,0.725744963,,
3479851,0.5,,
5104918,0.993971467,,
1386306,0.995384812,,
486829,0.995384812,,
3604904,0.975531578,,
1450262,0.980358005,,
9995551,0.871326089,,
8849095,0.921667814,,
7742525,0.995384812,,
202260,0.830129385,,
8597687,0.927534223,,
2309250,0.752673924,,
7420339,0.5,,
6304139,0.5,,
2610187,0.992088199,,
7327623,0.871326089,,
2412633,0.91838336,,
4205026,0.995384812,,
656909,0.995384812,,
6728419,0.971838117,,
9110560,0.989091873,,
4599119,0.727878213,,
3646393,0.974604368,,
6537432,0.957227349,,
1950446,0.986293077,,
9519968,0.5,,
8507062,0.5,,
4454121,0.926874757,,
8505940,0.5,,
1012003,0.843031406,,
7024684,0.5,,
6938542,0.5,,
2350464,0.921572685,,
10281965,0.5,,
63308,0.965903163,,
3352685,0.907622695,,
6386210,0.743119478,,
2385623,0.921572685,,
5006092,0.912514448,,
7070169,0.89493525,,
3858725,0.995057404,,
385438,0.988382936,,
3615614,0.933131695,,
139463,0.764646292,,
6646894,0.845947742,,
3551668,0.870622635,,
2357110,0.945155144,,
9137469,0.951549888,,
6032726,0.930986345,,
7802266,0.5,,
7496485,0.980866909,,
2687172,0.89407289,,
3498114,0.956624448,,
9580021,0.993852377,,
10035274,0.836034775,,
8369321,0.875583291,,
6870575,0.821784198,,
8594717,0.876267076,,
134091,0.991187155,,
258571,0.975222766,,
890677,0.939170897,,
4211081,0.728436828,,
7843995,0.821784198,,
882274,0.975222766,,
3594885,0.175727159,,
1768883,0.948124766,,
948077,0.886665583,,
5640214,0.755760074,,
4718921,0.5,,
557126,0.982376099,,
8053554,0.991272092,,
2488228,0.913035989,,
8779676,0.985975266,,
9929059,0.821784198,,
8919372,0.994642973,,
4607830,0.759789646,,
1545801,0.945155144,,
4129218,0.794711113,,
9757138,0.989290357,,
458191,0.88699156,,
7725597,0.958270431,,
4660517,0.959733963,,
3426639,0.770284057,,
6118359,0.973724246,,
7665114,0.967190623,,
281789,0.877358913,,
3930270,0.916498899,,
9016362,0.877236366,,
3803212,0.775556624,,
3424991,0.770284057,,
752483,0.847388804,,
1897000,0.990025759,,
9137398,0.951549888,,
9137075,0.951549888,,
1100714,0.985975266,,
5977556,0.930986345,,
1090449,0.982376099,,
4199019,0.965269685,,
1520593,0.5,,
1928010,0.842631102,,
7177194,0.918096662,,
7635966,0.889719486,,
6644796,0.997104466,,
841049,0.9961586,,
7718203,0.833515167,,
7789438,0.966680765,,
7775663,0.994422317,,
8014547,0.992935181,,
1716901,0.963346303,,
6477225,0.965269685,,
2217257,0.857262552,,
7580593,0.931529641,,
1828232,0.958776474,,
4725935,0.770284057,,
6545602,0.5,,
2688555,0.965269685,,
7984550,0.5,,
6561753,0.5,,
6561811,0.5,,
6545246,0.5,,
1520501,0.5,,
279063,0.985346913,,
5030361,0.990013242,,
796594,0.955120742,,
1030615,0.962842941,,
6328923,0.963546038,,
7050492,0.753964901,,
2418658,0.959733963,,
387078,0.991057515,,
10012724,0.995442867,,
6768768,0.881624699,,
338043,0.870213509,,
4701205,0.834652185,,
338091,0.870213509,,
7235573,0.5,,
7579854,0.876267076,,
1525972,0.914726615,,
8102064,0.978813052,,
447488,0.847388804,,
835149,0.9961586,,
3759039,0.900199652,,
6131411,0.965269685,,
4679983,0.811748207,,
745099,0.890570164,,
8054518,0.967586875,,
1141226,0.975631177,,
9866909,0.9961586,,
1790020,0.985346913,,
4277026,0.914715648,,
4082250,0.971526027,,
5637990,0.5,,
2909809,0.996839166,,
1356339,0.991057515,,
3884805,0.990971327,,
5395530,0.948163152,,
10295151,0.912289023,,
6481695,0.963546038,,
5660792,0.79560554,,
4768038,0.937976599,,
1416279,0.915988088,,
9970609,0.982131064,,
6835466,0.782340407,,
3418230,0.5,,
3543791,0.963459015,,
3552006,0.904216766,,
7557951,0.5,,
4808173,0.949507356,,
4404126,0.938444138,,
7902137,0.91569066,,
8453633,0.942939162,,
2004931,0.974817634,,
7179783,0.915286243,,
7241235,0.95194447,,
1537246,0.909074187,,
841140,0.932841659,,
1961950,0.877358913,,
1220471,0.927432299,,
7369,0.902502298,,
9137899,0.943292022,,
4831200,0.5,,
1562643,0.842631102,,
8116395,0.923755527,,
872152,0.88699156,,
719233,0.975222766,,
6216116,0.992444396,,
1686958,0.929313898,,
5422881,0.913372159,,
6812054,0.948665917,,
5067177,0.770284057,,
7601766,0.993046284,,
6954984,0.993398666,,
8339428,0.212239623,,
7616507,0.982871354,,
23192,0.763236642,,
8241019,0.834089041,,
4652918,0.5,,
7618526,0.967485666,,
6823597,0.89649725,,
5537446,0.94199878,,
9436832,0.983487725,,
9133711,0.951549888,,
10157690,0.753964901,,
1122236,0.991057515,,
4906490,0.960521042,,
7773668,0.970857084,,
458197,0.88699156,,
458193,0.88699156,,
458186,0.88699156,,
458183,0.88699156,,
941467,0.962842941,,
1039766,0.96511066,,
5078876,0.769130468,,
5242712,0.793622017,,
1539476,0.997224331,,
8626068,0.882357776,,
8150395,0.5,,
4250639,0.5,,
3652612,0.693693101,,
3570691,0.793003798,,
5495802,0.916498899,,
1204142,0.980232,,
6118291,0.973724246,,
5593981,0.864350438,,
9970805,0.982131064,,
8673979,0.981000423,,
4782745,0.762019992,,
4848255,0.202693194,,
13068,0.88699156,,
9137335,0.951549888,,
5479566,0.884750366,,
8273031,0.972270787,,
7363701,0.948876977,,
7984738,0.5,,
3930681,0.819917917,,
7518794,0.963487148,,
8755762,0.98134768,,
4241862,0.984617591,,
6822322,0.950576723,,
2628010,0.875038505,,
4077920,0.5,,
4766173,0.5,,
5946151,0.909730434,,
2970666,0.991057515,,
7308331,0.991187155,,
7329915,0.994825482,,
9117301,0.877358913,,
2898401,0.972623706,,
8193516,0.918298662,,
3766285,0.918161631,,
1520581,0.5,,
1349175,0.5,,
5633607,0.968706608,,
5510720,0.923684776,,
6837819,0.5,,
4184211,0.980263412,,
3732949,0.98056078,,
1348777,0.945155144,,
317248,0.991187155,,
8943380,0.846601963,,
6076158,0.877358913,,
384797,0.88699156,,
7901318,0.914051175,,
7614244,0.982871354,,
458189,0.88699156,,
3412630,0.870622635,,
7054225,0.949449897,,
1775016,0.842631102,,
4223597,0.870622635,,
1976382,0.991057515,,
3396140,0.989714146,,
1782140,0.910977602,,
430453,0.811748207,,
1633986,0.924853086,,
8926060,0.5,,
1520449,0.5,,
7697170,0.991187155,,
1511620,0.5,,
9411935,0.806456327,,
1355094,0.770284057,,
4009295,0.974817634,,
10334184,0.939171076,,
1159111,0.975631177,,
3773417,0.918161631,,
6492056,0.973724246,,
7073650,0.993033528,,
9727857,0.995442867,,
446276,0.730231047,,
208670,0.834713936,,
8868833,0.979494095,,
7180032,0.868858457,,
9137259,0.951549888,,
9252998,0.935442567,,
9149612,0.5,,
8251213,0.980695486,,
5548982,0.839999676,,
3272374,0.5,,
3394837,0.983742237,,
6927016,0.983487725,,
699596,0.851386905,,
6387576,0.963546038,,
8828781,0.932500958,,
1198884,0.261107296,,
2386589,0.984901726,,
9924107,0.950325847,,
3386862,0.5,,
9280767,0.951549888,,
1520533,0.5,,
9651755,0.955287039,,
82763,0.847388804,,
1762354,0.948124766,,
2836237,0.825231493,,
7087957,0.88848877,,
1520549,0.5,,
26116,0.822844148,,
6452801,0.963546038,,
8340841,0.5,,
8799909,0.5,,
387079,0.991057515,,
8955477,0.839772165,,
6424859,0.769130468,,
6210952,0.965269685,,
9281758,0.950325847,,
2875975,0.954282045,,
6939106,0.980695486,,
7695195,0.822314978,,
6445741,0.861777425,,
4023177,0.980480433,,
1589681,0.946059942,,
8524349,0.972296953,,
7089415,0.966657996,,
8033438,0.985613346,,
6836330,0.943112493,,
975179,0.209156185,,
1956094,0.946190536,,
9619737,0.5,,
8866331,0.5,,
5457260,0.98539722,,
7714585,0.912981033,,
218741,0.982696235,,
8551871,0.985689878,,
7934963,0.985613346,,
8426827,0.972296953,,
37234,0.971720874,,
2060441,0.9360255,,
2158992,0.821299195,,
8608414,0.946110845,,
5619397,0.209156185,,
4144767,0.5,,
1301535,0.982696235,,
3882930,0.908623695,,
9186481,0.967069864,,
5364244,0.5,,
4127196,0.777206182,,
30712,0.918097138,,
5632713,0.973930836,,
2396734,0.983892441,,
4616634,0.938223183,,
3157738,0.975064397,,
8866927,0.931738615,,
3657819,0.990520716,,
8212190,0.912981033,,
6821407,0.5,,
6474341,0.212239623,,
7038750,0.943112493,,
7824929,0.918371797,,
2277640,0.988533497,,
4739190,0.961561561,,
5219336,0.989289939,,
2298775,0.5,,
7455706,0.5,,
1142039,0.5,,
3563218,0.914037347,,
7789264,0.986540318,,
3441402,0.883669138,,
921571,0.829660416,,
5205984,0.985560179,,
5352741,0.989289939,,
1461971,0.947009206,,
1190571,0.978684902,,
231097,0.962736487,,
149489,0.5,,
3703121,0.972280383,,
3004007,0.894199491,,
3870937,0.993333101,,
3242247,0.964913607,,
6350606,0.9598701,,
6741526,0.883095026,,
6101613,0.993824601,,
1190224,0.978684902,,
8704931,0.978801966,,
9432497,0.939776897,,
7931111,0.963478625,,
5031357,0.989006639,,
6603376,0.927073836,,
3861673,0.97480005,,
461234,0.966964722,,
3510818,0.977616191,,
6557018,0.212239623,,
170469,0.86993432,,
7873789,0.839974284,,
6691873,0.5,,
7638689,0.970165193,,
5968862,0.5,,
260613,0.886485815,,
4718820,0.989995599,,
1023693,0.977616191,,
7870538,0.212239623,,
6153532,0.986952782,,
488268,0.784748077,,
6375415,0.909052134,,
4429898,0.955491424,,
6130287,0.945831299,,
1623894,0.5,,
6453383,0.994467795,,
25002,0.943028927,,
5183164,0.994076729,,
2352218,0.97181946,,
5695344,0.994076729,,
5403847,0.978797197,,
1187735,0.907641768,,
8976178,0.848962903,,
8717068,0.852479696,,
8921924,0.939820111,,
2260626,0.955395818,,
8086294,0.914450526,,
1097766,0.939820111,,
4950847,0.977639914,,
670056,0.931372702,,
7069080,0.977639914,,
4701146,0.5,,
670021,0.931372702,,
6813623,0.933057308,,
3208667,0.914450526,,
4951079,0.977639914,,
9233533,0.982745051,,
6782993,0.939820111,,
8340819,0.98577261,,
4024844,0.710199058,,
5397134,0.839743793,,
8061699,0.847433686,,
4291,0.958918512,,
7018009,0.946081161,,
7418814,0.944417477,,
4825073,0.991986632,,
8923774,0.970010281,,
8953255,0.902615666,,
9410302,0.903146982,,
8559462,0.957945585,,
1145941,0.98168838,,
7802149,0.842998385,,
5310503,0.847433686,,
4820795,0.77632165,,
4664312,0.803537369,,
2804399,0.297620058,,
9888395,0.5,,
7201336,0.5,,
4180905,0.967084527,,
6603061,0.876963973,,
8606766,0.836683989,,
8578023,0.853382111,,
9939038,0.180079877,,
7203408,0.973682523,,
10141859,0.822719693,,
544433,0.969396949,,
5252515,0.827327728,,
1622794,0.980038047,,
6248083,0.5,,
7932696,0.970407307,,
9522082,0.92134279,,
3040278,0.988407135,,
9939740,0.180079877,,
1071843,0.969396949,,
4973204,0.992296576,,
945833,0.981096864,,
5261239,0.788684726,,
4596493,0.85399735,,
8373664,0.836412072,,
9332620,0.923917234,,
6727846,0.994178534,,
1321090,0.969396949,,
8503720,0.998305321,,
6780670,0.894657969,,
9370738,0.836412072,,
1060467,0.5,,
8967776,0.994815707,,
9679301,0.994897187,,
8690491,0.5,,
7678064,0.836683989,,
7798575,0.967084527,,
4988679,0.919051588,,
7921289,0.886534393,,
4324917,0.976155043,,
8575663,0.836683989,,
3562617,0.965873837,,
909102,0.748455048,,
8608525,0.836683989,,
170273,0.980038047,,
7075913,0.974135518,,
481220,0.980038047,,
6961346,0.989270687,,
9975073,0.90606606,,
6517594,0.974975407,,
7680670,0.897669792,,
5946675,0.8688097,,
7202016,0.934013367,,
363064,0.974572599,,
7809595,0.97604239,,
3039438,0.988407135,,
8847979,0.80013448,,
4047399,0.948885202,,
66611,0.994620085,,
7279669,0.994511604,,
9887142,0.993411005,,
7007118,0.934229612,,
5325809,0.769077122,,
555182,0.5,,
66540,0.994620085,,
8098383,0.97901392,,
5930473,0.951327026,,
47491,0.994620085,,
447523,0.5,,
3961077,0.5,,
52525,0.994620085,,
6811792,0.93905133,,
7619727,0.953584671,,
270370,0.950327754,,
7221204,0.5,,
6495424,0.939199269,,
2737038,0.973674297,,
9034515,0.972340107,,
8147215,0.94665879,,
6376952,0.900417089,,
10319529,0.99499619,,
3613516,0.5,,
9714078,0.99499619,,
1593991,0.95607996,,
2303981,0.962779522,,
5104077,0.992281497,,
7434103,0.980417252,,
6438099,0.993824601,,
7650458,0.876996875,,
7219541,0.24998346,,
4092037,0.831880212,,
475361,0.769724071,,
6327662,0.909054399,,
9679741,0.963451743,,
2630912,0.961583972,,
6629657,0.766796827,,
1340668,0.973931968,,
8474584,0.892091632,,
7066118,0.836288333,,
4681885,0.766796827,,
9154462,0.909054399,,
3689416,0.984387755,,
3263722,0.948100686,,
5309974,0.928245485,,
1793138,0.819688678,,
8310249,0.985791087,,
8310398,0.985791087,,
158345,0.782184839,,
173896,0.741770744,,
6759038,0.985791087,,
6018416,0.5,,
1777158,0.819688678,,
1856253,0.5,,
1488166,0.972296953,,
463768,0.922096014,,
4334804,0.95956707,,
7389248,0.5,,
1022135,0.986035347,,
1219691,0.5,,
7969698,0.970362604,,
7403174,0.976878583,,
7368599,0.792786717,,
315120,0.984836042,,
3925572,0.969232559,,
8426749,0.792786717,,
107962,0.976920247,,
9220485,0.970362604,,
8446541,0.792786717,,
7534812,0.915365934,,
7839723,0.915365934,,
3209964,0.985466123,,
5607404,0.960582137,,
6103108,0.932974219,,
1851863,0.987106085,,
8130015,0.978488445,,
8957312,0.887027502,,
9595087,0.724551797,,
1561256,0.880381346,,
2686624,0.994107366,,
2897897,0.965480924,,
7748349,0.915432572,,
8411627,0.693954349,,
7559939,0.915432572,,
7198282,0.915432572,,
7441508,0.915432572,,
5882923,0.916843295,,
6445769,0.867004454,,
3959460,0.940093637,,
320704,0.953131199,,
5022572,0.926509559,,
10191917,0.972453892,,
5123904,0.941026211,,
2471731,0.94251585,,
7803176,0.877815247,,
4187961,0.972442091,,
7161897,0.968406618,,
8611952,0.5,,
5805907,0.952172756,,
5433597,0.977070272,,
4104442,0.977070272,,
8441477,0.903872252,,
6119785,0.952172756,,
103466,0.758681357,,
8168876,0.5,,
2557712,0.975626945,,
3238295,0.824321032,,
4784639,0.994573355,,
4403171,0.5,,
1133329,0.926509559,,
2723368,0.978141844,,
7420762,0.944133639,,
3209633,0.954150915,,
4395502,0.5,,
9068419,0.772030592,,
5029665,0.967452645,,
9229043,0.5,,
4084398,0.5,,
6577729,0.943166494,,
9199082,0.790017009,,
7970663,0.976170421,,
2858482,0.9725402,,
9715029,0.5,,
7748866,0.939164579,,
9739482,0.848020196,,
5078129,0.96313262,,
2808357,0.9725402,,
6543677,0.978134155,,
202251,0.924330473,,
6438518,0.772030592,,
5444457,0.994933665,,
7574864,0.954719543,,
2969955,0.783741951,,
9473312,0.972480714,,
254340,0.963612735,,
496074,0.991829634,,
9217337,0.996042252,,
1256892,0.9922508,,
4598160,0.917982101,,
6127974,0.995403171,,
748526,0.901639402,,
3908378,0.951737583,,
2868006,0.993655026,,
2762241,0.980434299,,
4760181,0.978134155,,
4287974,0.983629286,,
48848,0.975101948,,
3774113,0.972837269,,
8227710,0.991187155,,
23919,0.991522789,,
7698721,0.988295853,,
7872818,0.913861156,,
8289871,0.988295853,,
1737244,0.99799031,,
1429904,0.828815699,,
9074837,0.752673924,,
4278896,0.844298959,,
4016079,0.973256946,,
7389950,0.893875539,,
3529563,0.987353802,,
8612922,0.990331173,,
7564942,0.935837746,,
5228066,0.844298959,,
8150045,0.930579424,,
3123041,0.96537292,,
2492143,0.959213674,,
6678058,0.957925797,,
1696194,0.953526855,,
9352778,0.971172571,,
2720963,0.841792107,,
10023353,0.966342092,,
3971346,0.937792242,,
3382533,0.750269413,,
8943821,0.998926878,,
4485424,0.990531504,,
7227464,0.750269413,,
8012443,0.780323982,,
8094338,0.780323982,,
5096363,0.932093859,,
1980283,0.994379282,,
2761092,0.995952606,,
4163204,0.991368175,,
1145148,0.990706742,,
8286095,0.767777085,,
9238818,0.88699156,,
3025456,0.986932099,,
6888107,0.941792011,,
3242605,0.961922526,,
6118198,0.882116258,,
189156,0.899814963,,
6990677,0.5,,
8194886,0.995222867,,
8645226,0.9225384,,
859467,0.99040103,,
9096972,0.968970716,,
1246117,0.885512352,,
7665415,0.907553792,,
8583457,0.981478691,,
146301,0.862526655,,
677266,0.787701607,,
9419,0.787701607,,
1950012,0.982949376,,
9508837,0.964162827,,
226677,0.787701607,,
7256122,0.964162827,,
3303376,0.787701607,,
10060388,0.926236272,,
4589654,0.836412072,,
7843145,0.889243841,,
8194164,0.966169417,,
6810430,0.957000136,,
902609,0.990822136,,
696004,0.94423604,,
4824581,0.959632158,,
72743,0.984662056,,
6133684,0.909438252,,
4182732,0.5,,
6479027,0.958336473,,
2508065,0.979865432,,
8089781,0.980326056,,
7692789,0.961656213,,
1042022,0.87907964,,
8863714,0.219938517,,
4557204,0.980848134,,
6644760,0.813540816,,
8764748,0.5,,
4464542,0.909802794,,
2103939,0.989113152,,
8387068,0.813540816,,
7620570,0.829702139,,
6993726,0.762091756,,
9463491,0.989113152,,
6908161,0.922886968,,
7940358,0.811748207,,
4632923,0.821302176,,
2764126,0.884461999,,
4710866,0.770284057,,
3994601,0.770284057,,
7873208,0.770284057,,
3811828,0.770284057,,
7873345,0.770284057,,
3811930,0.770284057,,
2670365,0.987650871,,
4225225,0.928343296,,
5728135,0.963320136,,
1818768,0.989627242,,
8689375,0.790049314,,
9509695,0.945961118,,
6185083,0.892952859,,
5738982,0.5,,
2500188,0.928343296,,
3416590,0.928343296,,
6074312,0.928343296,,
9920856,0.984288216,,
2268329,0.986184835,,
8868025,0.897554159,,
4401544,0.96748656,,
7823973,0.761439204,,
8131881,0.850666165,,
6592178,0.986281395,,
825574,0.963012218,,
194313,0.949269176,,
5470943,0.987650871,,
1547337,0.965064287,,
3932674,0.786754429,,
3811955,0.770284057,,
6911511,0.987650871,,
5040885,0.945954442,,
1633025,0.5,,
7368959,0.788684726,,
7050204,0.898318291,,
8926188,0.989697218,,
5297143,0.937976599,,
6228211,0.5,,
1815677,0.985276639,,
4388148,0.834089041,,
1432713,0.896825075,,
6066570,0.87180078,,
1880734,0.5,,
7127036,0.920017242,,
10248139,0.968405306,,
1974131,0.956013322,,
6627184,0.964094222,,
2211594,0.977349043,,
2367298,0.995844364,,
7871885,0.971986592,,
7025898,0.898318291,,
722537,0.988725126,,
9435279,0.897554159,,
10135468,0.887599349,,
2882641,0.977486014,,
7805332,0.888895631,,
1307898,0.821514189,,
9435483,0.897554159,,
3446274,0.928343296,,
3041619,0.926874757,,
47196,0.95009172,,
8845144,0.897554159,,
5969069,0.977486014,,
9368677,0.966654599,,
6837338,0.89800024,,
6591894,0.770284057,,
3773784,0.997888565,,
10318171,0.922886968,,
3666970,0.770284057,,
3994634,0.770284057,,
7222136,0.993688703,,
299817,0.991470814,,
6066185,0.958788991,,
5685908,0.98221457,,
9023202,0.5,,
707424,0.979436994,,
7151093,0.928343296,,
8924032,0.980339885,,
1002835,0.922608376,,
8670484,0.770284057,,
2526405,0.92088604,,
4710869,0.770284057,,
3504521,0.886644125,,
3811872,0.770284057,,
3720731,0.843746185,,
3926008,0.922886968,,
7824426,0.940409064,,
2778101,0.724054098,,
6586979,0.898318291,,
442487,0.5,,
1920477,0.991258323,,
5304739,0.5,,
1557314,0.88855195,,
451012,0.984236836,,
689309,0.950452089,,
5059981,0.882674932,,
1594313,0.961583972,,
1594219,0.961583972,,
8799588,0.5,,
490076,0.998896599,,
9217030,0.5,,
7756839,0.99873054,,
116221,0.968321681,,
6921373,0.878930509,,
649243,0.5,,
2989758,0.778468609,,
4518474,0.960597694,,
1796302,0.972369194,,
53803,0.983329654,,
6867053,0.966007352,,
6392029,0.957671642,,
2731253,0.120049208,,
5625964,0.967402339,,
38545,0.85240221,,
8699046,0.985817194,,
9174327,0.988055646,,
9511777,0.20732978,,
3489837,0.940492392,,
5905958,0.927184224,,
3768742,0.940492392,,
1593939,0.98160696,,
6087451,0.994508028,,
6179956,0.987190604,,
2391699,0.99186945,,
1118153,0.979116559,,
1100686,0.998896599,,
1146966,0.998896599,,
2525172,0.930701017,,
8463726,0.779402971,,
51826,0.983329654,,
7805491,0.789131701,,
7701014,0.994830251,,
1279660,0.983255148,,
935845,0.97693491,,
3844087,0.951998472,,
7178239,0.933491468,,
2075094,0.940492392,,
5892185,0.845382452,,
7596455,0.915937603,,
9513636,0.20732978,,
3534444,0.829139888,,
8080939,0.746080041,,
5525073,0.987199068,,
5402304,0.99873054,,
6288141,0.912289023,,
1781723,0.778468609,,
2061463,0.5,,
4871348,0.956292868,,
7761509,0.987014771,,
6516775,0.991868854,,
5848330,0.865785956,,
5902452,0.977543831,,
219532,0.991011024,,
7217102,0.928368568,,
2727808,0.929394126,,
7151417,0.935982347,,
8683011,0.993993223,,
4357979,0.927746296,,
8118110,0.975115299,,
5766989,0.810391307,,
8306501,0.862980723,,
4349344,0.950788736,,
8633733,0.105197877,,
394408,0.905046999,,
8412143,0.989697218,,
5728739,0.5,,
3931571,0.5,,
3899160,0.966566682,,
8428825,0.980773926,,
3554558,0.878930509,,
4250749,0.5,,
2693700,0.5,,
7857241,0.986902833,,
8009814,0.932447314,,
3963320,0.980653346,,
6289789,0.912289023,,
1513847,0.826337993,,
6183721,0.991833806,,
5061411,0.85240221,,
3594959,0.953038156,,
637710,0.995816946,,
8968494,0.839327395,,
7821351,0.839327395,,
3258386,0.979473948,,
3143175,0.975767493,,
4322622,0.940195203,,
6043482,0.891057909,,
8632651,0.746080041,,
6107901,0.950325847,,
7853498,0.987014771,,
430609,0.85240221,,
119103,0.120049208,,
8687967,0.98703438,,
282934,0.901952863,,
5787922,0.5,,
8081658,0.746080041,,
3898413,0.933491468,,
7009282,0.940209091,,
9196007,0.779402971,,
4100009,0.5,,
4738971,0.862393498,,
692671,0.827811837,,
215954,0.983329654,,
2494157,0.888076067,,
7745196,0.974008679,,
4645405,0.951998472,,
2755730,0.964476943,,
7949448,0.916080177,,
3312406,0.985083938,,
6621924,0.965697646,,
5673552,0.738819003,,
609701,0.969060659,,
10118341,0.970994532,,
2614387,0.99186945,,
7735100,0.874648094,,
5482204,0.987789631,,
4524575,0.910110474,,
9698202,0.96556443,,
7178490,0.5,,
8054902,0.994313419,,
5458027,0.983255148,,
4940491,0.854120493,,
1844791,0.991868854,,
262764,0.81447506,,
3383329,0.878930509,,
8902327,0.872787237,,